,tradejoes,aldi,albertsons,hyvee,pigglywiggly
Rank 1,N/A,price (15),care (17),iowa (35),c&s (6)
Rank 2,N/A,new (15),try (15),year (24),saunder (5)
Rank 3,N/A,product (14),deli (14),new (23),history (4)
Rank 4,N/A,open (13),load (14),open (23),wholesale (4)
Rank 5,N/A,tab (13),shop (12),customer (18),grocers (4)
Rank 6,N/A,fresh (11),frozen (10),employee (17),service (4)
Rank 7,N/A,frozen (11),sorry (8),vredenburg (17),brands (3)
Rank 8,N/A,cart (10),canned (8),introduce (16),contact (3)
Rank 9,N/A,shop (9),sign (7),service (11),korner (3)
Rank 10,N/A,supplies (9),unable (7),hyde (11),coloring (3)
